Nom du deck,URL,Winner
Akesha B,https://altered.re/pages/deck?id=019e1c0b-989e-769d-92e3-761a8c555c53,1
Treyst B,https://altered.re/pages/deck?id=019e1c0a-894e-7e74-84e2-cfeffcaac76b,
Della A,https://altered.re/pages/deck?id=019e1c0a-b203-712c-a69d-b1b666a51cb5,1
Della D,https://altered.re/pages/deck?id=019e1c0a-b699-7143-88fb-ef94e3b79ac2,
Della C,https://altered.re/pages/deck?id=019e1c0a-b54c-7f80-a16f-f1282e301cad,
Della E,https://altered.re/pages/deck?id=019e1c0a-b855-7972-8909-4f857f5e1a22,
Isaree A,https://altered.re/pages/deck?id=019e1c0a-d1a4-7e70-a16d-4d198ef5db0c,
Isaree B,https://altered.re/pages/deck?id=019e1c0a-d4b5-7a84-a694-06a1e33cace2,
Isaree C,https://altered.re/pages/deck?id=019e1c0a-d5f4-71ba-8c24-eb0a9ee1df05,
Isaree E,https://altered.re/pages/deck?id=019e1c0a-db3c-7210-83fb-b2c65d862ab0,
Isaree F,https://altered.re/pages/deck?id=019e1c0a-dd87-7cb0-8c5e-0594a3158f49,
Isaree G,https://altered.re/pages/deck?id=019e1c0a-dfe3-71b9-84d7-1621cf93eab4,1
Sierra B,https://altered.re/pages/deck?id=019e1c0b-404d-7cca-a53f-a62d6eed93c7,
Sierra A,https://altered.re/pages/deck?id=019e1c0b-3d9c-7d5f-afca-f9ab630885c7,1
Sierra D,https://altered.re/pages/deck?id=019e1c0b-43d7-7f08-8a04-23cdf5787814,
Sierra C,https://altered.re/pages/deck?id=019e1c0b-4215-7c12-b16e-480b62715182,
Sierra F,https://altered.re/pages/deck?id=019e4ecf-6b76-7b53-9821-d47a488c8bdd,
Sierra G,https://altered.re/pages/deck?id=019e1c0b-4870-7efc-ba4f-3de3b8acd556,
Sierra E,https://altered.re/pages/deck?id=019e1c0b-4510-7553-bc73-a4e7ba80a23d,
Subhash A,https://altered.re/pages/deck?id=019e1c0b-618d-733b-b411-963a21933f0c,
Subhash B,https://altered.re/pages/deck?id=019e1c0b-62d8-7096-8751-cf73bd75facf,
Subhash D,https://altered.re/pages/deck?id=019e1c0b-66b1-741c-bc5f-4488e9eafd01,
Subbash C,https://altered.re/pages/deck?id=019e1c0b-6510-7751-b632-aa422ed38400,1
Treyst A,https://altered.re/pages/deck?id=019e1c0b-76e5-7541-9d64-891486110fab,
Treyst C,https://altered.re/pages/deck?id=019e1c0b-7887-7b42-a222-31ec461181fd,1
Treyst D,https://altered.re/pages/deck?id=019e1c0b-7b45-7f31-8467-83bd70a0dd93,
Isaree D,https://altered.re/pages/deck?id=019e3ffa-c490-7ec7-ba3a-f5bb6f940592,
Auraq B,https://altered.re/pages/deck?id=019e3f28-0664-7288-bbe1-6791db2c205f,1
Atsadi H,https://altered.re/pages/deck?id=019e3ffb-c153-7906-9a86-eb29d1ae41cc,
Matz A,https://altered.re/pages/deck?id=019e1c0a-faf2-7453-b24a-3bb4d18a98b3,1
Zhen H,https://altered.re/pages/deck?id=019e1c0a-630f-77c5-9584-c05c471cbe0a,
Zhen D,https://altered.re/pages/deck?id=019e1c0a-6ed9-7723-bca9-08c786e88339,
Zhen C,https://altered.re/pages/deck?id=019e1c0a-716e-7235-b022-72bd228a833c,
Zhen B,https://altered.re/pages/deck?id=019e1c0a-72f2-744a-9488-ca6e0f3347a7,
Zhen A,https://altered.re/pages/deck?id=019e1c0a-747d-705b-8a5a-8d76f6f7e676,
Waru F,https://altered.re/pages/deck?id=019e1c0a-7605-79cd-bd99-822d75205c1a,
Waru E,https://altered.re/pages/deck?id=019e1c0a-78c7-72bb-8b67-b5a56963037b,
Waru C,https://altered.re/pages/deck?id=019e1c0a-7bbe-7e76-a612-fd73f0ccfec7,
Waru B,https://altered.re/pages/deck?id=019e1c0a-7eca-710e-92b5-d300565edb68,
Waru A,https://altered.re/pages/deck?id=019e1c0a-813c-744a-9434-b6a06899552a,1
Turuun M,https://altered.re/pages/deck?id=019e1c0a-8366-7f12-a38a-f6f4226304f7,
Turuun L,https://altered.re/pages/deck?id=019e1c0a-84bb-7e37-bcc4-aaca6dcf0863,
Turuun K,https://altered.re/pages/deck?id=019e1c0a-8615-79f7-9b6c-7daf0bcfb72c,
Turuun J,https://altered.re/pages/deck?id=019e1c0a-8785-738e-bc3f-fff70145e06b,
Arjun C,https://altered.re/pages/deck?id=019e1c0a-8c14-73f7-973a-7e59d23458d2,1
Arjun B,https://altered.re/pages/deck?id=019e1c0a-8e2a-748d-bb41-76d516effb5f,
Afanas H,https://altered.re/pages/deck?id=019e1c0a-8fc3-7457-8fc4-178fd315f60f,
Atsadi B,https://altered.re/pages/deck?id=019e1c0a-92cc-7e68-b97f-08de564d1c5b,
Atsadi E,https://altered.re/pages/deck?id=019e1c0a-96c1-7934-9fe2-adffb93c0010,
Atsadi F,https://altered.re/pages/deck?id=019e1c0a-9873-72b8-a28e-0e9263c34e45,
Atsadi G,https://altered.re/pages/deck?id=019e1c0a-9a06-7d53-854c-1b811caef2c2,
Arjun K,https://altered.re/pages/deck?id=019e1c0a-9d6a-7145-8255-8d9d2ff786f2,
Akesha E,https://altered.re/pages/deck?id=019e1c0a-9e98-77b7-b7e3-1cbc7a9ca7fa,
Afanas G,https://altered.re/pages/deck?id=019e1c0a-a03b-7cfe-a7a7-ec0aa17c2f26,
Afanas E,https://altered.re/pages/deck?id=019e1c0a-a180-78d9-85f5-2a91bd4c9eeb,
Arjun J,https://altered.re/pages/deck?id=019e1c0a-a2d0-7689-a715-26a825f3b638,
Arjun I,https://altered.re/pages/deck?id=019e1c0a-a417-7e33-994a-1cc01aa0aaf0,
Akesha D,https://altered.re/pages/deck?id=019e1c0a-a571-72b8-adf3-dd4a50d7a43e,
Basira D,https://altered.re/pages/deck?id=019e1c0a-a6eb-7d1c-a878-b1c58f235594,
Basira C,https://altered.re/pages/deck?id=019e1c0a-a8eb-7ce5-bda5-0f4c29cb4249,
Arjun H,https://altered.re/pages/deck?id=019e1c0a-aa82-799f-aea3-2e495da0fbe5,
Basira B,https://altered.re/pages/deck?id=019e1c0a-acf4-7b16-8622-821f6d9c2a07,
Basira E,https://altered.re/pages/deck?id=019e1c0a-af04-701f-a9b2-2686e66c1cb7,
Basira F,https://altered.re/pages/deck?id=019e1c0a-b047-7ae6-8721-f38f4ff87868,1
Della B,https://altered.re/pages/deck?id=019e1c0a-b3fc-722b-92d4-b694813165a5,
Fen A,https://altered.re/pages/deck?id=019e1c0a-ba82-7bda-a66c-df1dfe47f220,
Fen C,https://altered.re/pages/deck?id=019e1c0a-be2e-771e-bfd9-3b390de14e17,
Fen D,https://altered.re/pages/deck?id=019e1c0a-bf97-70f5-ad13-0151d3391deb,
Gulrang A,https://altered.re/pages/deck?id=019e1c0a-c8dd-7e0f-b8c4-e6e342447786,
Gulrang B,https://altered.re/pages/deck?id=019e1c0a-ca26-7ae6-b02d-451edb3298da,1
Kauri E,https://altered.re/pages/deck?id=019e1c0a-e7b6-75a5-8b2f-a5530755d313,
Kauri F,https://altered.re/pages/deck?id=019e1c0a-e8f4-7b96-8647-3f0bcc38fe2d,
Kauri G,https://altered.re/pages/deck?id=019e1c0a-eab2-75d6-9775-c3728bbc680a,
Kojo D,https://altered.re/pages/deck?id=019e1c0a-f371-702d-a7ce-54aa59e6ee09,
Lindiwe A,https://altered.re/pages/deck?id=019e1c0a-f592-7589-9f24-0f3145aa372a,
Lindiwe B,https://altered.re/pages/deck?id=019e1c0a-f6f0-7e60-829e-ea4cdb550158,1
Lindiwe C,https://altered.re/pages/deck?id=019e1c0a-f83a-7f38-80ee-ab7018c3f6a0,
Lindiwe D,https://altered.re/pages/deck?id=019e1c0a-f986-7088-8038-a3c39258a351,
Matz D,https://altered.re/pages/deck?id=019e1c0b-0155-7ebb-8dd1-259e0f3c170d,
Nadir C,https://altered.re/pages/deck?id=019e1c0b-1f1d-7eb9-b939-f4525588d10f,
Nadir D,https://altered.re/pages/deck?id=019e1c0b-2084-7a27-9648-76f0e43df5e9,
Nadir E,https://altered.re/pages/deck?id=019e1c0b-21af-7643-a5fe-78f5b89c223d,
Nadir F,https://altered.re/pages/deck?id=019e1c0b-22ec-749a-8845-ae25b70d5970,
Nevenka A,https://altered.re/pages/deck?id=019e1c0b-240f-7114-a1d9-6e79123b3f85,
Nevenka B,https://altered.re/pages/deck?id=019e1c0b-256c-72fc-bf07-55fee2a191af,
Nevenka C,https://altered.re/pages/deck?id=019e1c0b-26ad-7881-b3d3-bd46b5d57c04,
Nevenka D,https://altered.re/pages/deck?id=019e1c0b-280f-78aa-88ed-50fec67f26fc,1
Rin A,https://altered.re/pages/deck?id=019e1c0b-2c4c-7da6-9f31-a13327fec849,
Rin C,https://altered.re/pages/deck?id=019e1c0b-2ea6-7765-85d8-6aca75f55cf7,
Rin D,https://altered.re/pages/deck?id=019e1c0b-300e-7964-b8c3-a03498ff8f50,1
Rin E,https://altered.re/pages/deck?id=019e1c0b-318e-7203-8289-3c8429ed72c2,
Rin F,https://altered.re/pages/deck?id=019e1c0b-3328-755c-a500-ec8a603d04ec,
Rin H,https://altered.re/pages/deck?id=019e1c0b-3769-7b4b-a06a-8ac21a26c7a8,
Rin I,https://altered.re/pages/deck?id=019e1c0b-395f-7f7e-8685-80cf819615a7,
Rin J,https://altered.re/pages/deck?id=019e1c0b-3ab2-7b6d-8a11-ab7f0967182e,
Sigismar A,https://altered.re/pages/deck?id=019e1c0b-4ad5-7689-bde9-23630aec2fda,
Sigismar B,https://altered.re/pages/deck?id=019e1c0b-4ec2-7087-a20f-6b7bb9d3b1e6,
Sigismar C,https://altered.re/pages/deck?id=019e1c0b-50dd-725b-889b-3186aaff97f1,1
Sigismar E,https://altered.re/pages/deck?id=019e1c0b-57c8-7804-b42f-af2ad81d5df4,
Sol A,https://altered.re/pages/deck?id=019e1c0b-58fa-7d71-a9d8-960ca314fdb3,1
Sol C,https://altered.re/pages/deck?id=019e1c0b-5c1a-7dcf-bc43-91a209dd6c4a,
Sol D,https://altered.re/pages/deck?id=019e1c0b-5d70-7f30-b3bc-966955fe5846,
Sol E,https://altered.re/pages/deck?id=019e1c0b-5eb8-7863-a56f-2ed14851223a,
Sol F,https://altered.re/pages/deck?id=019e1c0b-5ffc-7e7d-aba5-1a8e656aafb7,
Teija A,https://altered.re/pages/deck?id=019e1c0b-684a-7efa-9f55-67899fa4c8f2,
Teija B,https://altered.re/pages/deck?id=019e1c0b-6972-726c-872a-80bc1e6311a3,
Teija C,https://altered.re/pages/deck?id=019e1c0b-6a9b-752c-9cb1-1c3d189ebdc2,
Teija D,https://altered.re/pages/deck?id=019e1c0b-6dd9-7098-b17a-f9f2daeb6361,
Teija E,https://altered.re/pages/deck?id=019e1c0b-6f97-7899-80c2-a60e9affd09f,1
Teija F,https://altered.re/pages/deck?id=019e1c0b-711f-75b5-813f-4574b9fff27a,
Teija G,https://altered.re/pages/deck?id=019e1c0b-7277-703b-b931-994d73a908af,
Teija H,https://altered.re/pages/deck?id=019e1c0b-7430-7ddd-9614-adce9633274e,
Turuun A,https://altered.re/pages/deck?id=019e1c0b-7cc7-7538-9edf-247f6c6dce2c,1
Turuun B,https://altered.re/pages/deck?id=019e1c0b-7e1a-7572-a49b-60e6f1fbfb27,
Turuun C,https://altered.re/pages/deck?id=019e1c0b-7f5c-79ac-a261-cadeebe0ec63,
Afanas D,https://altered.re/pages/deck?id=019e1c0b-8277-721a-889d-3c68ebb12172,
Turuun F,https://altered.re/pages/deck?id=019e1c0b-844f-7898-9991-8a2be0f53c1e,
Turuun G,https://altered.re/pages/deck?id=019e1c0b-85e5-7ced-9520-cee8740604da,
Turuun H,https://altered.re/pages/deck?id=019e1c0b-878d-7e93-bc39-fe2af1f14647,
Turuun E,https://altered.re/pages/deck?id=019e1c0b-88f9-706c-a77b-07732f7014a0,
Afanas A,https://altered.re/pages/deck?id=019e1c0b-8a3a-7038-9773-b582fa78ac05,1
Afanas B,https://altered.re/pages/deck?id=019e1c0b-8d14-7783-bde2-bd3fbe895395,
Afanas F,https://altered.re/pages/deck?id=019e1c0b-8ead-7ca6-965d-a3ff4426bdf6,
Afanas C,https://altered.re/pages/deck?id=019e1c0b-96e2-731f-b5a8-b41178e20c81,
Arjun G,https://altered.re/pages/deck?id=019e1c0b-a5ba-7db9-bfb2-201f12afec22,
Arjun E,https://altered.re/pages/deck?id=019e1c0b-a796-7a95-b900-60e0a0061d65,
Akesha C,https://altered.re/pages/deck?id=019e1c0b-a8ee-71c4-9e47-3428c72d679a,
Akesha A,https://altered.re/pages/deck?id=019e1c0b-ac7e-7ac1-8df2-29e0124266ff,
Turuun I,https://altered.re/pages/deck?id=019e1c0b-b0e8-78d0-8520-db162463b961,
Fen E,https://altered.re/pages/deck?id=019e1c0a-c0d6-7ab4-a867-804cf4a900f3,1
Fen F,https://altered.re/pages/deck?id=019e1c0a-c4d8-7a13-9486-3b1ec29a8a96,
Fen G,https://altered.re/pages/deck?id=019e1c0a-c6fd-7be9-aa20-1277e4989482,
Gulrang C,https://altered.re/pages/deck?id=019e1c0a-ceee-79b2-95d3-381d9a307106,
Basira A,https://altered.re/pages/deck?id=019e1c0a-d794-7d45-add4-0702fdc73833,
Arjun F,https://altered.re/pages/deck?id=019e1c0a-d92e-7c30-8089-c4da8e113699,
Kauri A,https://altered.re/pages/deck?id=019e1c0a-e12c-7477-ac57-6260072b0430,1
Kauri B,https://altered.re/pages/deck?id=019e1c0a-e2ad-7a38-8a5b-9ce8d8388168,
Kauri C,https://altered.re/pages/deck?id=019e1c0a-e408-7a22-ad39-e109c221746d,
Kauri D,https://altered.re/pages/deck?id=019e1c0a-e648-7f0b-8043-3751d0a2163a,
Kauri H,https://altered.re/pages/deck?id=019e1c0a-ecaa-7b40-ab40-bc7920daac53,
Kauri I,https://altered.re/pages/deck?id=019e1c0a-edfb-7ed3-a82e-820f4264c421,
Kojo A,https://altered.re/pages/deck?id=019e1c0a-ef42-78bb-bd32-cfe40dca8a37,1
Kojo B,https://altered.re/pages/deck?id=019e1c0a-f0af-7320-b718-1a5c0928e239,
Kojo C,https://altered.re/pages/deck?id=019e1c0a-f22a-7d4d-808f-f750542e34cf,
Matz B,https://altered.re/pages/deck?id=019e1c0a-fd72-7d9b-8081-aee4f85e81ac,
Matz C,https://altered.re/pages/deck?id=019e1c0a-ff07-7a35-80ca-895eaf8144a2,
Matz E,https://altered.re/pages/deck?id=019e1c0b-04a5-78c8-b1c4-fa0b7d2606c9,
Matz F,https://altered.re/pages/deck?id=019e1c0b-06c0-7b25-9558-b8462f35f447,
Matz G,https://altered.re/pages/deck?id=019e1c0b-09a7-72c8-baec-e91245442f50,
Moyo A,https://altered.re/pages/deck?id=019e1c0b-0b7c-71e5-9dff-dc89d6c12d90,
Moyo B,https://altered.re/pages/deck?id=019e1c0b-0d62-7a80-bba4-cea674878333,1
Moyo C,https://altered.re/pages/deck?id=019e1c0b-0f59-76ed-be97-f6c8647418c7,
Moyo D,https://altered.re/pages/deck?id=019e1c0b-1112-767a-a3fa-74863a848363,
Moyo E,https://altered.re/pages/deck?id=019e1c0b-12ae-7587-80e7-2a6966878541,
Zhen I,https://altered.re/pages/deck?id=019e1c0a-6010-7707-9225-bfc5e6cf45b1,
Waru D,https://altered.re/pages/deck?id=019e1c0a-7a21-7ed3-8597-54784aa7fcf7,
Atsadi C,https://altered.re/pages/deck?id=019e1c0a-912b-7a48-8c9a-c7e18dd49600,
Arjun A,https://altered.re/pages/deck?id=019e1c0a-9435-7e51-a359-188036aeda03,
Atsadi D,https://altered.re/pages/deck?id=019e1c0a-958d-7344-846b-e512395c5f5e,
Atsadi A,https://altered.re/pages/deck?id=019e1c0a-9c0e-7e95-a808-be8aff5713df,1
Fen B,https://altered.re/pages/deck?id=019e1c0a-bca6-71b5-8503-473158d3b1e1,
Moyo F,https://altered.re/pages/deck?id=019e1c0b-13e9-7308-bdf0-88c580298b3a,
Moyo G,https://altered.re/pages/deck?id=019e1c0b-1599-7618-8e48-ff573685a0f4,
Moyo H,https://altered.re/pages/deck?id=019e1c0b-1702-7ad2-a184-d88b742b68f6,
Kauri J,https://altered.re/pages/deck?id=019e1c0b-1871-783f-8495-33f7bce3ca77,
Nadir A,https://altered.re/pages/deck?id=019e1c0b-1a5e-71f8-8f98-2e3081719c0f,
Nadir B,https://altered.re/pages/deck?id=019e1c0b-1db3-7ed2-9d1f-0cc3dbadea31,1
Nevenka E,https://altered.re/pages/deck?id=019e1c0b-299a-73ff-977e-5f3fdf797de0,
Nevenka F,https://altered.re/pages/deck?id=019e1c0b-2b21-72f7-8f33-001c959620a3,
Rin B,https://altered.re/pages/deck?id=019e1c0b-2d83-7619-a426-b2faf4fff459,
Rin G,https://altered.re/pages/deck?id=019e1c0b-35bd-71a2-a489-99523e83615d,
Rin K,https://altered.re/pages/deck?id=019e1c0b-3c47-7861-9401-5561db7ab5ca,
Arjun D,https://altered.re/pages/deck?id=019e1c0b-3ef7-74a0-b13e-4ace630d85b3,
Sigismar D,https://altered.re/pages/deck?id=019e1c0b-5557-776b-aa42-1140a7f355cb,
Sol B,https://altered.re/pages/deck?id=019e1c0b-5ab2-714d-b5c7-c5ed0632272b,
Turuun D,https://altered.re/pages/deck?id=019e1c0b-8099-77f6-a21d-55a86cc2420a,
Afanas I,https://altered.re/pages/deck?id=019e1c0b-94c3-7d1d-839e-d26df90402fd,
Zhen F,https://altered.re/pages/deck?id=019e1c0a-678a-7bec-a089-c62a59645161,
Zhen E,https://altered.re/pages/deck?id=019e1c0a-6bd6-7f9c-93e6-2488a9a6daa2,1
Teija I,https://altered.re/pages/deck?id=019e1c0b-75b2-73a2-9e26-1a5e159cff11,
Auraq F,https://altered.re/pages/deck?id=019e3f27-fc8c-72c4-a003-57da60e4d8eb,
Auraq D,https://altered.re/pages/deck?id=019e3f27-fe14-755c-ac49-5eef6312d87e,
Auraq G,https://altered.re/pages/deck?id=019e3f28-0066-79fb-802a-28ca80e8ed64,
Auraq E,https://altered.re/pages/deck?id=019e3f28-030a-7753-ab28-cfcf081a8afd,
Auraq C,https://altered.re/pages/deck?id=019e3f28-04bc-7b51-829f-88993916a82b,
Auraq A,https://altered.re/pages/deck?id=019e3f28-09c8-7b7b-af1c-17ad8dff22b6,
